dataset,split_id,sample_fraction,status,warning_error
Skin Segmentation,"repeat=1,fold=1",1.0,complete-cache-skip,
Skin Segmentation,"repeat=1,fold=2",1.0,complete-cache-skip,
Skin Segmentation,"repeat=2,fold=1",1.0,complete-cache-skip,
Skin Segmentation,"repeat=2,fold=2",1.0,complete-cache-skip,
cod-rna,"repeat=1,fold=1",1.0,complete-cache-skip,
cod-rna,"repeat=1,fold=2",1.0,complete-cache-skip,
cod-rna,"repeat=2,fold=1",1.0,complete-cache-skip,
cod-rna,"repeat=2,fold=2",1.0,complete-cache-skip,
Localization,"repeat=1,fold=1",1.0,complete-cache-skip,
Localization,"repeat=1,fold=2",1.0,complete-cache-skip,
Localization,"repeat=2,fold=1",1.0,complete-cache-skip,
Localization,"repeat=2,fold=2",1.0,complete-cache-skip,
PokerHand,"repeat=1,fold=1",1.0,complete-cache-skip,
PokerHand,"repeat=1,fold=2",1.0,failed,UnboundLocalError: local variable 'resume' referenced before assignment
PokerHand,"repeat=2,fold=1",1.0,complete,
PokerHand,"repeat=2,fold=2",1.0,complete,
TwitterAbsoluteSigma,"repeat=1,fold=1",1.0,complete,
TwitterAbsoluteSigma,"repeat=1,fold=2",1.0,complete,
TwitterAbsoluteSigma,"repeat=2,fold=1",1.0,complete,
TwitterAbsoluteSigma,"repeat=2,fold=2",1.0,complete,
MiniBooNE,"repeat=1,fold=1",1.0,complete,
MiniBooNE,"repeat=1,fold=2",1.0,complete,
MiniBooNE,"repeat=2,fold=1",1.0,complete,
MiniBooNE,"repeat=2,fold=2",1.0,complete,
Covertype,"repeat=1,fold=1",1.0,complete,
Covertype,"repeat=1,fold=2",1.0,complete,
Covertype,"repeat=2,fold=1",1.0,complete,
Covertype,"repeat=2,fold=2",1.0,complete,
CensusIncome,"repeat=1,fold=1",1.0,complete,
CensusIncome,"repeat=1,fold=2",1.0,complete,
CensusIncome,"repeat=2,fold=1",1.0,complete,
CensusIncome,"repeat=2,fold=2",1.0,complete,
