dataset,k,model_variant,learning_rate_role,learning_rate,mean_best_validation_pass,sd_best_validation_pass,mean_validation_degradation,mean_test_degradation,mean_gap_growth,splits_showing_classical_pattern,outer_splits,classical_overfitting_proportion,mean_d1_minus_best,mean_d10_minus_best
CensusIncome,0,dKDB-current,fixed-0.01,0.01,19.5,1.0000000000000002,3.6366693661332716e-07,6.033359486040668e-07,1.10119749885014e-05,1,4,0.25,0.003379789803458287,0.00010223360509115445
CensusIncome,0,dKDB-current,validation-selected,0.01,19.5,1.0000000000000002,3.6366693661332716e-07,6.033359486040668e-07,1.10119749885014e-05,1,4,0.25,0.003379789803458287,0.00010223360509115445
CensusIncome,0,dKDB-generative-init,fixed-0.01,0.01,20.0,0.0,0.0,0.0,0.0,0,4,0.0,0.028015996891026733,0.0005872549260679781
CensusIncome,0,dKDB-generative-init,validation-selected,0.02,19.5,1.0000000000000002,2.3653359214684255e-07,-7.56925074781728e-06,9.995036980719324e-06,0,4,0.0,0.015775149303676534,0.0003613044748372249
CensusIncome,1,dKDB-current,fixed-0.01,0.01,7.25,0.957427107756338,0.0011243081421963008,0.0011717248331981935,0.005468337366372394,4,4,1.0,0.0042486410129885625,0.00011483726552449086
CensusIncome,1,dKDB-current,validation-selected,0.01,7.25,0.957427107756338,0.0011243081421963008,0.0011717248331981935,0.005468337366372394,4,4,1.0,0.0042486410129885625,0.00011483726552449086
CensusIncome,1,dKDB-generative-init,fixed-0.01,0.01,5.25,0.4999999999999999,0.002096009223328768,0.0022649350292344855,0.005509395114134931,4,4,1.0,0.0028606158533345735,0.000544825821699152
CensusIncome,1,dKDB-generative-init,validation-selected,0.003,20.0,0.0,0.0,0.0,0.0,0,4,0.0,0.0077434418329780375,0.0011077238769212558
CensusIncome,2,dKDB-current,fixed-0.01,0.01,6.0,0.816496580927726,0.002485385721825835,0.002251409117552703,0.012117356216542072,4,4,1.0,0.0044144045328273485,0.00046873035141037703
CensusIncome,2,dKDB-current,validation-selected,0.01,6.0,0.816496580927726,0.002485385721825835,0.002251409117552703,0.012117356216542072,4,4,1.0,0.0044144045328273485,0.00046873035141037703
CensusIncome,2,dKDB-generative-init,fixed-0.01,0.01,0.5,1.0,0.009377073942072302,0.009087071053092102,0.024867476018346928,4,4,1.0,0.0013992132675209254,0.005174859401443389
CensusIncome,2,dKDB-generative-init,validation-selected,0.001,20.0,0.0,0.0,0.0,0.0,0,4,0.0,0.0015609052841989782,0.00034492795123069325
CensusIncome,3,dKDB-current,fixed-0.01,0.01,5.25,0.4999999999999999,0.0040037698965603025,0.003646152163389666,0.021930697914649452,4,4,1.0,0.004649802476081405,0.0009297670463115013
CensusIncome,3,dKDB-current,validation-selected,0.01,5.25,0.4999999999999999,0.0040037698965603025,0.003646152163389666,0.021930697914649452,4,4,1.0,0.004649802476081405,0.0009297670463115013
CensusIncome,3,dKDB-generative-init,fixed-0.01,0.01,0.0,0.0,0.02135891974547615,0.021167159082317116,0.03464264789720906,4,4,1.0,0.004903144060801903,0.014522204728107675
CensusIncome,3,dKDB-generative-init,validation-selected,0.001,0.0,0.0,0.0005356141184840249,0.0005930268199450875,0.0036907675140929325,4,4,1.0,0.0005895502678689157,0.0003239471288028137
CensusIncome,4,dKDB-current,fixed-0.01,0.01,4.5,0.5773502691896258,0.005492001284624959,0.0050333917467182965,0.02996089779807913,4,4,1.0,0.004061545585095409,0.0015451757513564382
CensusIncome,4,dKDB-current,validation-selected,0.01,4.5,0.5773502691896258,0.005492001284624959,0.0050333917467182965,0.02996089779807913,4,4,1.0,0.004061545585095409,0.0015451757513564382
CensusIncome,4,dKDB-generative-init,fixed-0.01,0.01,0.75,0.5,0.016612068716462813,0.016520535420841656,0.02705663195036541,4,4,1.0,8.939570389855656e-05,0.009444205906267975
CensusIncome,4,dKDB-generative-init,validation-selected,0.001,19.0,2.0,4.967054511334501e-06,3.188627158826063e-06,8.198754499194605e-05,1,4,0.25,0.0022423584992154466,0.00023798732610637308
CensusIncome,5,dKDB-current,fixed-0.01,0.01,3.0,0.0,0.008277265698631832,0.007845034152893046,0.04228938859155372,4,4,1.0,0.002658528060445635,0.0030558304303457892
CensusIncome,5,dKDB-current,validation-selected,0.00825,7.25,8.5,0.006009273644788642,0.005861902403543763,0.031263053436960786,3,4,0.75,0.006641985859537611,0.002622955057075764
CensusIncome,5,dKDB-generative-init,fixed-0.01,0.01,1.75,0.5,0.011192317965971865,0.01155874266052137,0.020486324741403092,4,4,1.0,0.00016868831056145173,0.0055363546132946445
CensusIncome,5,dKDB-generative-init,validation-selected,0.003,8.75,1.2583057392117916,0.0007744420059513646,0.00083742952687485,0.0029605934799850214,4,4,1.0,0.003676572197025052,3.385011222092893e-05
Covertype,0,dKDB-current,fixed-0.01,0.01,20.0,0.0,0.0,0.0,0.0,0,4,0.0,0.09735713762202708,0.007367377577908701
Covertype,0,dKDB-current,validation-selected,0.01,20.0,0.0,0.0,0.0,0.0,0,4,0.0,0.09735713762202708,0.007367377577908701
Covertype,0,dKDB-generative-init,fixed-0.01,0.01,20.0,0.0,0.0,0.0,0.0,0,4,0.0,0.12019172424814387,0.009465352334944388
Covertype,0,dKDB-generative-init,validation-selected,0.01,20.0,0.0,0.0,0.0,0.0,0,4,0.0,0.12019172424814387,0.009465352334944388
Covertype,1,dKDB-current,fixed-0.01,0.01,20.0,0.0,0.0,0.0,0.0,0,4,0.0,0.0987168035355018,0.010100171143537798
Covertype,1,dKDB-current,validation-selected,0.025,20.0,0.0,0.0,0.0,0.0,0,4,0.0,0.12307719813529411,0.009544499397189307
Covertype,1,dKDB-generative-init,fixed-0.01,0.01,20.0,0.0,0.0,0.0,0.0,0,4,0.0,0.171624733735481,0.014818287614497494
Covertype,1,dKDB-generative-init,validation-selected,0.03,20.0,0.0,0.0,0.0,0.0,0,4,0.0,0.12386364927643674,0.010743532888924462
Covertype,2,dKDB-current,fixed-0.01,0.01,20.0,0.0,0.0,0.0,0.0,0,4,0.0,0.15705344782882022,0.02081171972781258
Covertype,2,dKDB-current,validation-selected,0.03,20.0,0.0,0.0,0.0,0.0,0,4,0.0,0.13982717891802873,0.007445822235420077
Covertype,2,dKDB-generative-init,fixed-0.01,0.01,20.0,0.0,0.0,0.0,0.0,0,4,0.0,0.18614064828294785,0.03094505691684543
Covertype,2,dKDB-generative-init,validation-selected,0.015,20.0,0.0,0.0,0.0,0.0,0,4,0.0,0.12737105249841058,0.012667470220831215
Covertype,3,dKDB-current,fixed-0.01,0.01,20.0,0.0,0.0,0.0,0.0,0,4,0.0,0.18348878309837163,0.02373814462054842
Covertype,3,dKDB-current,validation-selected,0.03,15.0,0.816496580927726,0.0007761593224128033,0.0007753134123082844,0.009447473001391822,4,4,1.0,0.11516315808059917,0.0017070564064893684
Covertype,3,dKDB-generative-init,fixed-0.01,0.01,11.0,6.0553007081949835,0.0018223646979083075,0.0018607388116969742,0.011611613082522912,3,4,0.75,0.17689356415569538,0.02942374193639731
Covertype,3,dKDB-generative-init,validation-selected,0.00975,20.0,0.0,0.0,0.0,0.0,0,4,0.0,0.1490334134030139,0.017229477385312608
Covertype,4,dKDB-current,fixed-0.01,0.01,20.0,0.0,0.0,0.0,0.0,0,4,0.0,0.188700045867783,0.02201746365561434
Covertype,4,dKDB-current,validation-selected,0.03,10.75,1.2583057392117918,0.0035430666883174283,0.003659244679496708,0.018276293009219256,4,4,1.0,0.09105167473749803,0.00010373747671518774
Covertype,4,dKDB-generative-init,fixed-0.01,0.01,6.75,8.845903006477068,0.008160278150700473,0.00858573809384014,0.018299389651760714,3,4,0.75,0.14400110624641402,0.02767120106285126
Covertype,4,dKDB-generative-init,validation-selected,0.02725,16.0,3.366501646120693,0.0014637484428879077,0.0012392959718645624,0.0044024709694306385,3,4,0.75,0.10180018616692438,0.0006645998609290105
Covertype,5,dKDB-current,fixed-0.01,0.01,20.0,0.0,0.0,0.0,0.0,0,4,0.0,0.19167102577545198,0.021747379557295485
Covertype,5,dKDB-current,validation-selected,0.03,11.25,1.5,0.0024850950895379323,0.0027517208482694747,0.011752073116492387,4,4,1.0,0.08388052548926701,0.00019950062528375362
Covertype,5,dKDB-generative-init,fixed-0.01,0.01,7.75,8.180260794538684,0.004662081768266768,0.0050710185680029884,0.009184559716824858,3,4,0.75,0.11071560196124894,0.021573119527919182
Covertype,5,dKDB-generative-init,validation-selected,0.0375,5.25,5.315072906367325,0.010630369296455833,0.011143153595835481,0.018717630714638445,4,4,1.0,0.12918751433068934,0.005787736677568239
Localization,0,dKDB-current,fixed-0.01,0.01,20.0,0.0,0.0,0.0,0.0,0,4,0.0,0.052744933499740576,0.005083188569822761
Localization,0,dKDB-current,validation-selected,0.03,20.0,0.0,0.0,0.0,0.0,0,4,0.0,0.029023763181091455,0.002403208534767831
Localization,0,dKDB-generative-init,fixed-0.01,0.01,20.0,0.0,0.0,0.0,0.0,0,4,0.0,0.03219942144413496,0.004219916330632678
Localization,0,dKDB-generative-init,validation-selected,0.03,20.0,0.0,0.0,0.0,0.0,0,4,0.0,0.042180255965513835,0.003910546874523191
Localization,1,dKDB-current,fixed-0.01,0.01,20.0,0.0,0.0,0.0,0.0,0,4,0.0,0.11939759378366449,0.011315527429784089
Localization,1,dKDB-current,validation-selected,0.015,16.5,7.0,0.002017382171913884,0.0015066559236536214,0.006745717036475474,1,4,0.25,0.09806058810622631,0.008794377920608942
Localization,1,dKDB-generative-init,fixed-0.01,0.01,9.75,2.6299556396765835,0.001617228780183444,0.0008711357048576951,0.00834853454534179,4,4,1.0,0.011704963700823912,0.00013748126409279804
Localization,1,dKDB-generative-init,validation-selected,0.003,20.0,0.0,0.0,0.0,0.0,0,4,0.0,0.0122990553302883,0.0023829410179269095
Localization,2,dKDB-current,fixed-0.01,0.01,20.0,0.0,0.0,0.0,0.0,0,4,0.0,0.19889126709089683,0.025001452802522584
Localization,2,dKDB-current,validation-selected,0.03,5.75,0.5,0.02955463288434984,0.027998120904559165,0.10774307965642221,4,4,1.0,0.062119586615842604,0.006138855446711611
Localization,2,dKDB-generative-init,fixed-0.01,0.01,0.0,0.0,0.09047512064665658,0.08887947404356994,0.11028875427789264,4,4,1.0,0.02963803600778575,0.06861807132010617
Localization,2,dKDB-generative-init,validation-selected,0.001,0.0,0.0,0.010558433194262917,0.010368871827073134,0.014316941694167973,4,4,1.0,0.00293651595724842,0.007561075959137409
Localization,3,dKDB-current,fixed-0.01,0.01,20.0,0.0,0.0,0.0,0.0,0,4,0.0,0.2041753171288378,0.029567517998758952
Localization,3,dKDB-current,validation-selected,0.03,7.0,0.0,0.022935788998054096,0.02244158263883478,0.11839224685969399,4,4,1.0,0.07934072686615762,0.0025054483210638634
Localization,3,dKDB-generative-init,fixed-0.01,0.01,0.0,0.0,0.11893973855260193,0.11736516078217107,0.1347695897391267,4,4,1.0,0.035019982110691183,0.0895973804082788
Localization,3,dKDB-generative-init,validation-selected,0.001,0.0,0.0,0.014645663813077747,0.01439228305942264,0.017851529170234248,4,4,1.0,0.00373191159648939,0.010361417652575367
Localization,4,dKDB-current,fixed-0.01,0.01,20.0,0.0,0.0,0.0,0.0,0,4,0.0,0.2041753171288378,0.029567517998758952
Localization,4,dKDB-current,validation-selected,0.03,7.0,0.0,0.022935788998054096,0.02244158263883478,0.11839224685969399,4,4,1.0,0.07934072686615762,0.0025054483210638634
Localization,4,dKDB-generative-init,fixed-0.01,0.01,0.0,0.0,0.11893973855260193,0.11736516078217107,0.1347695897391267,4,4,1.0,0.035019982110691183,0.0895973804082788
Localization,4,dKDB-generative-init,validation-selected,0.001,0.0,0.0,0.014645663813077747,0.01439228305942264,0.017851529170234248,4,4,1.0,0.00373191159648939,0.010361417652575367
Localization,5,dKDB-current,fixed-0.01,0.01,20.0,0.0,0.0,0.0,0.0,0,4,0.0,0.2041753171288378,0.029567517998758952
Localization,5,dKDB-current,validation-selected,0.03,7.0,0.0,0.022935788998054096,0.02244158263883478,0.11839224685969399,4,4,1.0,0.07934072686615762,0.0025054483210638634
Localization,5,dKDB-generative-init,fixed-0.01,0.01,0.0,0.0,0.11893973855260193,0.11736516078217107,0.1347695897391267,4,4,1.0,0.035019982110691183,0.0895973804082788
Localization,5,dKDB-generative-init,validation-selected,0.001,0.0,0.0,0.014645663813077747,0.01439228305942264,0.017851529170234248,4,4,1.0,0.00373191159648939,0.010361417652575367
MiniBooNE,0,dKDB-current,fixed-0.01,0.01,20.0,0.0,0.0,0.0,0.0,0,4,0.0,1.2497969583452715,0.21339124911622595
MiniBooNE,0,dKDB-current,validation-selected,0.001,20.0,0.0,0.0,0.0,0.0,0,4,0.0,0.5289541927773918,0.023598640269075356
MiniBooNE,0,dKDB-generative-init,fixed-0.01,0.01,20.0,0.0,0.0,0.0,0.0,0,4,0.0,1.4961977401357345,0.09571196269233259
MiniBooNE,0,dKDB-generative-init,validation-selected,0.003,20.0,0.0,0.0,0.0,0.0,0,4,0.0,0.7318454580223428,0.12273870402024437
MiniBooNE,1,dKDB-current,fixed-0.01,0.01,20.0,0.0,0.0,0.0,0.0,0,4,0.0,0.9630025308238895,0.07586822723846744
MiniBooNE,1,dKDB-current,validation-selected,0.003,20.0,0.0,0.0,0.0,0.0,0,4,0.0,0.45083110602269183,0.01673568833749526
MiniBooNE,1,dKDB-generative-init,fixed-0.01,0.01,20.0,0.0,0.0,0.0,0.0,0,4,0.0,0.45459797620547865,0.037123351783013916
MiniBooNE,1,dKDB-generative-init,validation-selected,0.00825,20.0,0.0,0.0,0.0,0.0,0,4,0.0,0.36600535261603895,0.032480390710210374
MiniBooNE,2,dKDB-current,fixed-0.01,0.01,15.75,0.9574271077563381,0.001221422007142356,0.001151531333745015,0.011634358971245033,4,4,1.0,0.5685253003847334,0.0054242346435585745
MiniBooNE,2,dKDB-current,validation-selected,0.003,20.0,0.0,0.0,0.0,0.0,0,4,0.0,0.17996254047315965,0.009749147931616499
MiniBooNE,2,dKDB-generative-init,fixed-0.01,0.01,8.0,0.816496580927726,0.00952026613475998,0.00832177399102578,0.03073618657953256,4,4,1.0,0.05151249515405297,0.000605481554669815
MiniBooNE,2,dKDB-generative-init,validation-selected,0.003,20.0,0.0,0.0,0.0,0.0,0,4,0.0,0.03328410305557644,0.005870802337848924
MiniBooNE,3,dKDB-current,fixed-0.01,0.01,7.75,0.5,0.010542411274314212,0.00990858885564374,0.03285119617743213,4,4,1.0,0.31078275299453345,0.0009663066668427825
MiniBooNE,3,dKDB-current,validation-selected,0.003,20.0,0.0,0.0,0.0,0.0,0,4,0.0,0.09083768076296814,0.007058281803361897
MiniBooNE,3,dKDB-generative-init,fixed-0.01,0.01,0.0,0.0,0.06769390404935582,0.06615867607709972,0.08318579195277415,4,4,1.0,0.02190242814136914,0.05355620455293475
MiniBooNE,3,dKDB-generative-init,validation-selected,0.001,0.0,0.0,0.013505043500562863,0.0129778761892613,0.018922585639924633,4,4,1.0,0.0004400497639173717,0.008580335534232125
MiniBooNE,4,dKDB-current,fixed-0.01,0.01,7.0,0.0,0.007387634619638171,0.006722908805479454,0.021034396538766355,4,4,1.0,0.2160720849366191,0.0010264674324344109
MiniBooNE,4,dKDB-current,validation-selected,0.003,20.0,0.0,0.0,0.0,0.0,0,4,0.0,0.07855651522350243,0.00860879770869135
MiniBooNE,4,dKDB-generative-init,fixed-0.01,0.01,0.75,0.5,0.005149024836006988,0.0048583879713962885,0.005824495763934345,4,4,1.0,0.0003301605828271992,0.0031693310719854983
MiniBooNE,4,dKDB-generative-init,validation-selected,0.006,0.75,0.5,0.0033396580924141828,0.0029724505105983567,0.003747793149718709,4,4,1.0,3.100237907005532e-06,0.0020260812176307597
MiniBooNE,5,dKDB-current,fixed-0.01,0.01,12.5,0.5773502691896255,0.0009444835303723392,0.0008547622710329272,0.004598177037608932,4,4,1.0,0.19213346237230028,0.0001827247214795727
MiniBooNE,5,dKDB-current,validation-selected,0.01,12.5,0.5773502691896255,0.0009444835303723392,0.0008547622710329272,0.004598177037608932,4,4,1.0,0.19213346237230028,0.0001827247214795727
MiniBooNE,5,dKDB-generative-init,fixed-0.01,0.01,0.0,0.0,0.0024753574769306175,0.0016252218683912023,0.0028686454266536043,4,4,1.0,0.0006403213469277635,0.0016902030252315403
MiniBooNE,5,dKDB-generative-init,validation-selected,0.001,5.0,10.0,7.304550491865625e-05,5.176839866505301e-06,0.00010327432895301802,1,4,0.25,8.776367815543917e-05,7.338037304444045e-05
PokerHand,0,dKDB-current,fixed-0.01,0.01,13.5,6.855654600401044,3.223223511655826e-05,1.539082420054516e-05,0.00010827514781444614,3,4,0.75,0.0004038509237490884,1.676264748901035e-05
PokerHand,0,dKDB-current,validation-selected,0.00825,17.25,4.272001872658765,4.293489382273252e-06,8.563532329142198e-06,2.586969408932549e-05,2,4,0.5,0.0004731781896125109,2.0686854804857768e-05
PokerHand,0,dKDB-generative-init,fixed-0.01,0.01,20.0,0.0,0.0,0.0,0.0,0,4,0.0,0.0017750313218105052,0.00011422472975403108
PokerHand,0,dKDB-generative-init,validation-selected,0.00425,20.0,0.0,0.0,0.0,0.0,0,4,0.0,0.002993786910085283,0.0002359190546619705
PokerHand,1,dKDB-current,fixed-0.01,0.01,20.0,0.0,0.0,0.0,0.0,0,4,0.0,0.0445513718608799,0.004943779277989252
PokerHand,1,dKDB-current,validation-selected,0.03,19.75,0.5,2.374026040197208e-07,3.2344864475675195e-07,1.3189713839317774e-05,1,4,0.25,0.013405395278552501,0.0005558467813017998
PokerHand,1,dKDB-generative-init,fixed-0.01,0.01,20.0,0.0,0.0,0.0,0.0,0,4,0.0,0.1507733582390385,0.011072407631282949
PokerHand,1,dKDB-generative-init,validation-selected,0.065,20.0,0.0,0.0,0.0,0.0,0,4,0.0,0.031130466087144815,0.0013377382899046608
PokerHand,2,dKDB-current,fixed-0.01,0.01,20.0,0.0,0.0,0.0,0.0,0,4,0.0,0.13319550821758608,0.022320706518695818
PokerHand,2,dKDB-current,validation-selected,0.0825,16.0,4.69041575982343,0.00046555787889757116,0.0005507713297755734,0.002311324953473526,2,4,0.5,0.03906222678770967,0.0014453128723463243
PokerHand,2,dKDB-generative-init,fixed-0.01,0.01,20.0,0.0,0.0,0.0,0.0,0,4,0.0,0.7247949004326122,0.08235346575998682
PokerHand,2,dKDB-generative-init,validation-selected,0.0825,18.25,2.8722813232690148,8.109273339451661e-05,0.00010954629751694367,0.0008381337999974758,2,4,0.5,0.0649246654883877,0.002830974864169458
PokerHand,3,dKDB-current,fixed-0.01,0.01,20.0,0.0,0.0,0.0,0.0,0,4,0.0,0.24129392961763252,0.047565182089916946
PokerHand,3,dKDB-current,validation-selected,0.065,13.75,7.22841614740048,0.006874761741040819,0.006825717411194587,0.027667451507589896,2,4,0.5,0.10241280574144467,0.005883574090904842
PokerHand,3,dKDB-generative-init,fixed-0.01,0.01,16.0,8.0,0.0007580912040818372,0.0008678947196112397,0.009513086322155521,1,4,0.25,0.711997760128926,0.1684014810699071
PokerHand,3,dKDB-generative-init,validation-selected,0.05825,16.75,3.947573094109004,0.0019871179392269706,0.0019203216283844582,0.011924134648924459,2,4,0.5,0.21968693977445294,0.003829182982390919
PokerHand,4,dKDB-current,fixed-0.01,0.01,20.0,0.0,0.0,0.0,0.0,0,3,0.0,0.23777116341473584,0.05217965165123236
PokerHand,4,dKDB-current,validation-selected,0.10000000000000002,17.0,5.196152422706632,0.000897323732144036,0.001059855251557958,0.006190222742109989,1,3,0.3333333333333333,0.10622627754848207,0.0028950904983296075
PokerHand,4,dKDB-generative-init,fixed-0.01,0.01,20.0,0.0,0.0,0.0,0.0,0,3,0.0,0.9414287682125305,0.2236962721884325
PokerHand,4,dKDB-generative-init,validation-selected,0.10000000000000002,20.0,0.0,0.0,0.0,0.0,0,3,0.0,0.5980334242717821,0.05658317235494035
PokerHand,5,dKDB-current,fixed-0.01,0.01,20.0,0.0,0.0,0.0,0.0,0,3,0.0,0.22082467035586137,0.04889594954469786
PokerHand,5,dKDB-current,validation-selected,0.10000000000000002,15.0,4.0,0.0009049962273500375,0.001024324315104778,0.0048271649595817605,2,3,0.6666666666666666,0.07721444534401405,0.0013263572801916108
PokerHand,5,dKDB-generative-init,fixed-0.01,0.01,13.333333333333334,11.547005383792515,0.039793233687467344,0.03773395292678494,0.25594157986628113,1,3,0.3333333333333333,0.9598430563668113,0.30932678258576707
PokerHand,5,dKDB-generative-init,validation-selected,0.067,14.666666666666666,9.237604307034013,0.11360170518174735,0.11222751578896106,0.18871148902691684,1,3,0.3333333333333333,0.803098848627743,0.07502482842149323
Skin Segmentation,0,dKDB-current,fixed-0.01,0.01,20.0,0.0,0.0,0.0,0.0,0,4,0.0,0.31205729360013024,0.004944771958462459
Skin Segmentation,0,dKDB-current,validation-selected,0.01,20.0,0.0,0.0,0.0,0.0,0,4,0.0,0.31205729360013024,0.004944771958462459
Skin Segmentation,0,dKDB-generative-init,fixed-0.01,0.01,20.0,0.0,0.0,0.0,0.0,0,4,0.0,0.09909184027971032,0.0038761665042614836
Skin Segmentation,0,dKDB-generative-init,validation-selected,0.01,20.0,0.0,0.0,0.0,0.0,0,4,0.0,0.09909184027971032,0.0038761665042614836
Skin Segmentation,1,dKDB-current,fixed-0.01,0.01,20.0,0.0,0.0,0.0,0.0,0,4,0.0,0.11435325568771612,0.004145319287901532
Skin Segmentation,1,dKDB-current,validation-selected,0.0825,20.0,0.0,0.0,0.0,0.0,0,4,0.0,0.3460176695933709,0.0010559521400944532
Skin Segmentation,1,dKDB-generative-init,fixed-0.01,0.01,20.0,0.0,0.0,0.0,0.0,0,4,0.0,0.005832370067870893,0.0009394344346366338
Skin Segmentation,1,dKDB-generative-init,validation-selected,0.0475,20.0,0.0,0.0,0.0,0.0,0,4,0.0,0.02182242317699868,0.00040898394396231275
Skin Segmentation,2,dKDB-current,fixed-0.01,0.01,20.0,0.0,0.0,0.0,0.0,0,4,0.0,0.13954310800830516,0.005164506907860099
Skin Segmentation,2,dKDB-current,validation-selected,0.1,12.5,1.2909944487358056,0.00011664786861641371,7.878736915283794e-05,0.00045224462170005155,3,4,0.75,0.330270946826361,3.3596660160126104e-05
Skin Segmentation,2,dKDB-generative-init,fixed-0.01,0.01,0.0,0.0,0.0012020891927239192,0.0011057291123001546,0.0013741115269086152,4,4,1.0,0.0016138253342106701,0.0010765023256987779
Skin Segmentation,2,dKDB-generative-init,validation-selected,0.001,0.0,0.0,0.0002729023564556341,0.00024460575762742646,0.0003091300133134492,4,4,1.0,0.0002764869448873184,0.0002714841279867729
Skin Segmentation,3,dKDB-current,fixed-0.01,0.01,20.0,0.0,0.0,0.0,0.0,0,4,0.0,0.13954310800830516,0.005164506907860099
Skin Segmentation,3,dKDB-current,validation-selected,0.1,12.5,1.2909944487358056,0.00011664786861641371,7.878736915283794e-05,0.00045224462170005155,3,4,0.75,0.330270946826361,3.3596660160126104e-05
Skin Segmentation,3,dKDB-generative-init,fixed-0.01,0.01,0.0,0.0,0.0012020891927239192,0.0011057291123001546,0.0013741115269086152,4,4,1.0,0.0016138253342106701,0.0010765023256987779
Skin Segmentation,3,dKDB-generative-init,validation-selected,0.001,0.0,0.0,0.0002729023564556341,0.00024460575762742646,0.0003091300133134492,4,4,1.0,0.0002764869448873184,0.0002714841279867729
Skin Segmentation,4,dKDB-current,fixed-0.01,0.01,20.0,0.0,0.0,0.0,0.0,0,4,0.0,0.13954310800830516,0.005164506907860099
Skin Segmentation,4,dKDB-current,validation-selected,0.1,12.5,1.2909944487358056,0.00011664786861641371,7.878736915283794e-05,0.00045224462170005155,3,4,0.75,0.330270946826361,3.3596660160126104e-05
Skin Segmentation,4,dKDB-generative-init,fixed-0.01,0.01,0.0,0.0,0.0012020891927239192,0.0011057291123001546,0.0013741115269086152,4,4,1.0,0.0016138253342106701,0.0010765023256987779
Skin Segmentation,4,dKDB-generative-init,validation-selected,0.001,0.0,0.0,0.0002729023564556341,0.00024460575762742646,0.0003091300133134492,4,4,1.0,0.0002764869448873184,0.0002714841279867729
Skin Segmentation,5,dKDB-current,fixed-0.01,0.01,20.0,0.0,0.0,0.0,0.0,0,4,0.0,0.13954310800830516,0.005164506907860099
Skin Segmentation,5,dKDB-current,validation-selected,0.1,12.5,1.2909944487358056,0.00011664786861641371,7.878736915283794e-05,0.00045224462170005155,3,4,0.75,0.330270946826361,3.3596660160126104e-05
Skin Segmentation,5,dKDB-generative-init,fixed-0.01,0.01,0.0,0.0,0.0012020891927239192,0.0011057291123001546,0.0013741115269086152,4,4,1.0,0.0016138253342106701,0.0010765023256987779
Skin Segmentation,5,dKDB-generative-init,validation-selected,0.001,0.0,0.0,0.0002729023564556341,0.00024460575762742646,0.0003091300133134492,4,4,1.0,0.0002764869448873184,0.0002714841279867729
TwitterAbsoluteSigma,0,dKDB-current,fixed-0.01,0.01,2.25,1.2583057392117916,0.002006253915161172,0.0018033520652114832,0.005453259126912059,4,4,1.0,0.0004481014122999158,0.0010866437895500763
TwitterAbsoluteSigma,0,dKDB-current,validation-selected,0.002,13.75,6.238322424070967,0.00011350622081113607,0.00023124766530006544,0.000791659492865554,2,4,0.5,0.0021833000799341834,0.00011103367575565279
TwitterAbsoluteSigma,0,dKDB-generative-init,fixed-0.01,0.01,20.0,0.0,0.0,0.0,0.0,0,4,0.0,0.6051457397719684,0.0982476920188628
TwitterAbsoluteSigma,0,dKDB-generative-init,validation-selected,0.0475,20.0,0.0,0.0,0.0,0.0,0,4,0.0,0.2105975785202636,0.008628069468508342
TwitterAbsoluteSigma,1,dKDB-current,fixed-0.01,0.01,1.0,0.0,0.0129238395579412,0.014263500516882629,0.033493405307638675,4,4,1.0,0.0,0.007130715206360369
TwitterAbsoluteSigma,1,dKDB-current,validation-selected,0.0025,9.0,7.3484692283495345,0.0010157898944554884,0.0013566460097548874,0.0068219885304796855,3,4,0.75,0.004330962204261265,0.0003250413440828333
TwitterAbsoluteSigma,1,dKDB-generative-init,fixed-0.01,0.01,16.25,2.217355782608345,0.00019475217350797824,0.00035004118349456215,0.002765781899777525,4,4,1.0,0.024896488297605206,0.0009330729381195405
TwitterAbsoluteSigma,1,dKDB-generative-init,validation-selected,0.01,16.25,2.217355782608345,0.00019475217350797824,0.00035004118349456215,0.002765781899777525,4,4,1.0,0.024896488297605206,0.0009330729381195405
TwitterAbsoluteSigma,2,dKDB-current,fixed-0.01,0.01,1.0,0.0,0.0207364974433044,0.021747202105131008,0.054676883345189775,4,4,1.0,0.0,0.011906458907100646
TwitterAbsoluteSigma,2,dKDB-current,validation-selected,0.0015,15.75,7.847504911329036,0.0005269620987518979,0.0007492669618536195,0.004589241744575862,1,4,0.25,0.01526553261297487,0.0006280647233142742
TwitterAbsoluteSigma,2,dKDB-generative-init,fixed-0.01,0.01,4.75,0.5,0.008861356747614256,0.009410106415477737,0.022794673597833354,4,4,1.0,0.006179702863381938,0.002620581719048866
TwitterAbsoluteSigma,2,dKDB-generative-init,validation-selected,0.003,20.0,0.0,0.0,0.0,0.0,0,4,0.0,0.011263436443461339,0.00203656018283533
TwitterAbsoluteSigma,3,dKDB-current,fixed-0.01,0.01,1.0,0.0,0.022099331221909758,0.022656014567335014,0.05958372924731768,4,4,1.0,0.0,0.013075004257375615
TwitterAbsoluteSigma,3,dKDB-current,validation-selected,0.0015,16.0,8.0,0.0006373494333219015,0.0009227827538998909,0.005621904499206083,1,4,0.25,0.01924357156025752,0.0008758561128916556
TwitterAbsoluteSigma,3,dKDB-generative-init,fixed-0.01,0.01,0.0,0.0,0.020014313191007813,0.018349274694822726,0.0422146272832853,4,4,1.0,0.0053831164146137395,0.011501325868107648
TwitterAbsoluteSigma,3,dKDB-generative-init,validation-selected,0.001,20.0,0.0,0.0,0.0,0.0,0,4,0.0,0.002243662620286954,0.0006100565595421464
TwitterAbsoluteSigma,4,dKDB-current,fixed-0.01,0.01,1.0,0.0,0.021701286235647516,0.021300772078290692,0.05767827286227213,4,4,1.0,0.0,0.013074950809779561
TwitterAbsoluteSigma,4,dKDB-current,validation-selected,0.003,3.75,0.5,0.0030752642770837356,0.0030434865072021984,0.0260670208815856,4,4,1.0,0.002130655251360629,0.0010286776079105088
TwitterAbsoluteSigma,4,dKDB-generative-init,fixed-0.01,0.01,0.75,1.5,0.010534495943639505,0.010847951768460887,0.02061599988827452,4,4,1.0,0.002506820069319196,0.005022189642830924
TwitterAbsoluteSigma,4,dKDB-generative-init,validation-selected,0.002,17.75,2.6299556396765835,3.068258053028072e-05,8.03132205760837e-05,0.00035332955323398585,2,4,0.5,0.0019273299384121867,0.00023552468526394366
TwitterAbsoluteSigma,5,dKDB-current,fixed-0.01,0.01,1.0,0.0,0.0177901965568359,0.018080891205991465,0.04939263207619849,4,4,1.0,0.0,0.010746629561594837
TwitterAbsoluteSigma,5,dKDB-current,validation-selected,0.003,5.75,0.9574271077563381,0.002014405800653863,0.0020669489408509725,0.020236330856289782,4,4,1.0,0.004463524288265675,0.00043073984157317516
TwitterAbsoluteSigma,5,dKDB-generative-init,fixed-0.01,0.01,5.0,0.816496580927726,0.001871679093058326,0.0016543110898193936,0.0036664518635886323,4,4,1.0,0.0011308713001155768,0.00046267236763164465
TwitterAbsoluteSigma,5,dKDB-generative-init,validation-selected,0.03,1.0,0.0,0.010071969259203478,0.009318102606472256,0.013735951850674444,4,4,1.0,0.0,0.006320606017515967
cod-rna,0,dKDB-current,fixed-0.01,0.01,20.0,0.0,0.0,0.0,0.0,0,4,0.0,0.2036124643313873,0.012772170953305073
cod-rna,0,dKDB-current,validation-selected,0.003,20.0,0.0,0.0,0.0,0.0,0,4,0.0,0.018939651872378963,0.0012080536426185284
cod-rna,0,dKDB-generative-init,fixed-0.01,0.01,0.0,0.0,0.012518854710757005,0.012513565372465299,1.4097925838146841e-05,0,4,0.0,0.21966138384101752,0.025306075467484007
cod-rna,0,dKDB-generative-init,validation-selected,0.001,3.25,3.774917217635375,7.505013108517755e-05,6.207459724336117e-05,7.66668132765047e-06,0,4,0.0,0.0025916317454519333,3.5625595960292467e-05
cod-rna,1,dKDB-current,fixed-0.01,0.01,20.0,0.0,0.0,0.0,0.0,0,4,0.0,0.2036124643313873,0.012772170953305073
cod-rna,1,dKDB-current,validation-selected,0.003,20.0,0.0,0.0,0.0,0.0,0,4,0.0,0.018939651872378963,0.0012080536426185284
cod-rna,1,dKDB-generative-init,fixed-0.01,0.01,0.0,0.0,0.012518854710757005,0.012513565372465299,1.4097925838146841e-05,0,4,0.0,0.21966138384101752,0.025306075467484007
cod-rna,1,dKDB-generative-init,validation-selected,0.001,3.25,3.774917217635375,7.505013108517755e-05,6.207459724336117e-05,7.66668132765047e-06,0,4,0.0,0.0025916317454519333,3.5625595960292467e-05
cod-rna,2,dKDB-current,fixed-0.01,0.01,20.0,0.0,0.0,0.0,0.0,0,4,0.0,0.2036124643313873,0.012772170953305073
cod-rna,2,dKDB-current,validation-selected,0.003,20.0,0.0,0.0,0.0,0.0,0,4,0.0,0.018939651872378963,0.0012080536426185284
cod-rna,2,dKDB-generative-init,fixed-0.01,0.01,0.0,0.0,0.012518854710757005,0.012513565372465299,1.4097925838146841e-05,0,4,0.0,0.21966138384101752,0.025306075467484007
cod-rna,2,dKDB-generative-init,validation-selected,0.001,3.25,3.774917217635375,7.505013108517755e-05,6.207459724336117e-05,7.66668132765047e-06,0,4,0.0,0.0025916317454519333,3.5625595960292467e-05
cod-rna,3,dKDB-current,fixed-0.01,0.01,20.0,0.0,0.0,0.0,0.0,0,4,0.0,0.2036124643313873,0.012772170953305073
cod-rna,3,dKDB-current,validation-selected,0.003,20.0,0.0,0.0,0.0,0.0,0,4,0.0,0.018939651872378963,0.0012080536426185284
cod-rna,3,dKDB-generative-init,fixed-0.01,0.01,0.0,0.0,0.012518854710757005,0.012513565372465299,1.4097925838146841e-05,0,4,0.0,0.21966138384101752,0.025306075467484007
cod-rna,3,dKDB-generative-init,validation-selected,0.001,3.25,3.774917217635375,7.505013108517755e-05,6.207459724336117e-05,7.66668132765047e-06,0,4,0.0,0.0025916317454519333,3.5625595960292467e-05
cod-rna,4,dKDB-current,fixed-0.01,0.01,20.0,0.0,0.0,0.0,0.0,0,4,0.0,0.2036124643313873,0.012772170953305073
cod-rna,4,dKDB-current,validation-selected,0.003,20.0,0.0,0.0,0.0,0.0,0,4,0.0,0.018939651872378963,0.0012080536426185284
cod-rna,4,dKDB-generative-init,fixed-0.01,0.01,0.0,0.0,0.012518854710757005,0.012513565372465299,1.4097925838146841e-05,0,4,0.0,0.21966138384101752,0.025306075467484007
cod-rna,4,dKDB-generative-init,validation-selected,0.001,3.25,3.774917217635375,7.505013108517755e-05,6.207459724336117e-05,7.66668132765047e-06,0,4,0.0,0.0025916317454519333,3.5625595960292467e-05
cod-rna,5,dKDB-current,fixed-0.01,0.01,20.0,0.0,0.0,0.0,0.0,0,4,0.0,0.2036124643313873,0.012772170953305073
cod-rna,5,dKDB-current,validation-selected,0.003,20.0,0.0,0.0,0.0,0.0,0,4,0.0,0.018939651872378963,0.0012080536426185284
cod-rna,5,dKDB-generative-init,fixed-0.01,0.01,0.0,0.0,0.012518854710757005,0.012513565372465299,1.4097925838146841e-05,0,4,0.0,0.21966138384101752,0.025306075467484007
cod-rna,5,dKDB-generative-init,validation-selected,0.001,3.25,3.774917217635375,7.505013108517755e-05,6.207459724336117e-05,7.66668132765047e-06,0,4,0.0,0.0025916317454519333,3.5625595960292467e-05
